{"0": [0.0, 0.0, 0.5, 1.0], "1": [0.0, 0.00196078431372549, 1.0, 1.0], "2": [0.0, 0.503921568627451, 1.0, 1.0], "3": [0.08538899430740036, 1.0, 0.8823529411764706, 1.0], "4": [0.4901960784313725, 1.0, 0.4775458570524984, 1.0], "5": [0.8950031625553446, 1.0, 0.07273877292852626, 1.0], "6": [1.0, 0.5816993464052289, 0.0, 1.0], "7": [1.0, 0.11692084241103862, 0.0, 1.0]}