{"0": [0.0, 0.0, 0.5, 1.0], "1": [0.0, 0.1588235294117647, 1.0, 1.0], "2": [0.0, 0.8333333333333334, 1.0, 1.0], "3": [0.4901960784313725, 1.0, 0.4775458570524984, 1.0], "4": [1.0, 0.9012345679012348, 0.0, 1.0], "5": [1.0, 0.27668845315904156, 0.0, 1.0]}