{"0": [0.0, 0.0, 0.5, 1.0], "1": [0.0, 0.0, 0.999108734402852, 1.0], "2": [0.0, 0.3784313725490196, 1.0, 1.0], "3": [0.0, 0.8333333333333334, 1.0, 1.0], "4": [0.30044275774826057, 1.0, 0.6672991777356103, 1.0], "5": [0.6672991777356103, 1.0, 0.30044275774826057, 1.0], "6": [1.0, 0.9012345679012348, 0.0, 1.0], "7": [1.0, 0.48002904865649987, 0.0, 1.0], "8": [0.9991087344028523, 0.07334785766158336, 0.0, 1.0]}