{"0": [0.0, 0.0, 0.5, 1.0], "1": [0.0, 0.503921568627451, 1.0, 1.0], "2": [0.4901960784313725, 1.0, 0.4775458570524984, 1.0], "3": [1.0, 0.5816993464052289, 0.0, 1.0]}