{"0": [1.0, 0.0, 0.16, 1.0], "1": [0.8055113937466878, 1.0, 0.0, 1.0], "2": [0.0, 1.0, 0.5481762597512125, 1.0], "3": [0.0, 0.09271099744245515, 1.0, 1.0]}