{"0": [0.0, 0.0, 0.5, 1.0], "1": [0.0, 0.0, 0.945632798573975, 1.0], "2": [0.0, 0.3, 1.0, 1.0], "3": [0.0, 0.692156862745098, 1.0, 1.0], "4": [0.16129032258064513, 1.0, 0.8064516129032259, 1.0], "5": [0.4901960784313725, 1.0, 0.4775458570524984, 1.0], "6": [0.8064516129032256, 1.0, 0.16129032258064513, 1.0], "7": [1.0, 0.7705156136528688, 0.0, 1.0], "8": [1.0, 0.40740740740740755, 0.0, 1.0], "9": [0.9456327985739753, 0.029774872912127992, 0.0, 1.0]}