{"0": [1.0, 0.0, 0.16, 1.0], "1": [1.0, 0.36777954425013254, 0.0, 1.0], "2": [1.0, 0.918918918918919, 0.0, 1.0], "3": [0.5511393746687864, 1.0, 0.0, 1.0], "4": [0.0, 1.0, 0.0, 1.0], "5": [0.0, 1.0, 0.5481762597512125, 1.0], "6": [0.0, 0.9239130434782604, 1.0, 1.0], "7": [0.0, 0.36977834612105687, 1.0, 1.0], "8": [0.16304347826086973, 0.0, 1.0, 1.0], "9": [0.7171781756180736, 0.0, 1.0, 1.0]}