{"0": [1.0, 0.0, 0.16, 1.0], "1": [1.0, 0.5161632220455751, 0.0, 1.0], "2": [0.8055113937466878, 1.0, 0.0, 1.0], "3": [0.12718600953895065, 1.0, 0.0, 1.0], "4": [0.0, 1.0, 0.5481762597512125, 1.0], "5": [0.0, 0.774722932651321, 1.0, 1.0], "6": [0.0, 0.09271099744245515, 1.0, 1.0], "7": [0.5893009377664112, 0.0, 1.0, 1.0]}