{"0": [0.0, 0.0, 0.5, 1.0], "1": [0.0, 0.3, 1.0, 1.0], "2": [0.16129032258064513, 1.0, 0.8064516129032259, 1.0], "3": [0.8064516129032256, 1.0, 0.16129032258064513, 1.0], "4": [1.0, 0.40740740740740755, 0.0, 1.0]}