{"0": [1.0, 0.0, 0.16, 1.0], "1": [1.0, 0.6009538950715422, 0.0, 1.0], "2": [0.6147323794382618, 1.0, 0.0, 1.0], "3": [0.0, 1.0, 0.14758591608686492, 1.0], "4": [0.0, 1.0, 0.9276829011174367, 1.0], "5": [0.0, 0.3058397271952257, 1.0, 1.0], "6": [0.4827365728900258, 0.0, 1.0, 1.0]}