{"0": [0.0, 0.0, 0.5, 1.0], "1": [0.0, 0.06470588235294118, 1.0, 1.0], "2": [0.0, 0.6450980392156863, 1.0, 1.0], "3": [0.24984187223276405, 1.0, 0.717900063251107, 1.0], "4": [0.7179000632511068, 1.0, 0.2498418722327641, 1.0], "5": [1.0, 0.7269426289034134, 0.0, 1.0], "6": [1.0, 0.18954248366013093, 0.0, 1.0]}